               epoch,      train/box_loss,      train/obj_loss,      train/cls_loss,   metrics/precision,      metrics/recall,     metrics/mAP_0.5,metrics/mAP_0.5:0.95,        val/box_loss,        val/obj_loss,        val/cls_loss,               x/lr0,               x/lr1,               x/lr2
                   0,              0.1173,            0.030617,                   0,                   0,                   0,                   0,                   0,             0.10666,            0.030669,                   0,              0.0847,              0.0017,              0.0017
                   1,             0.11113,            0.031183,                   0,                   0,                   0,                   0,                   0,             0.10368,            0.030667,                   0,            0.068488,           0.0034885,           0.0034885
                   2,             0.11136,            0.032058,                   0,          0.00041667,            0.090909,          0.00023419,          2.3419e-05,             0.10148,            0.030572,                   0,            0.052265,            0.005265,            0.005265
                   3,             0.10627,            0.034821,                   0,          0.00041667,            0.090909,          0.00024824,          4.9647e-05,            0.097509,            0.031565,                   0,             0.03603,           0.0070297,           0.0070297
                   4,             0.10337,            0.035527,                   0,          0.00066667,             0.15385,          0.00058912,          0.00025361,             0.11275,            0.027059,                   0,            0.019783,           0.0087825,           0.0087825
                   5,             0.10154,             0.03428,                   0,                   0,                   0,                   0,                   0,             0.13176,            0.018561,                   0,            0.009835,            0.009835,            0.009835
                   6,            0.098743,            0.034586,                   0,                   0,                   0,                   0,                   0,             0.13524,            0.020078,                   0,            0.009835,            0.009835,            0.009835
                   7,            0.097138,            0.035178,                   0,                   0,                   0,                   0,                   0,             0.13961,            0.047929,                   0,            0.009802,            0.009802,            0.009802
                   8,             0.09714,            0.033701,                   0,          0.00058824,             0.10714,          0.00032893,          0.00011995,              0.1396,            0.020824,                   0,            0.009769,            0.009769,            0.009769
                   9,            0.093257,             0.03416,                   0,           0.0030016,            0.071429,           0.0015598,          0.00039679,             0.13823,            0.019321,                   0,            0.009736,            0.009736,            0.009736
                  10,            0.093151,            0.033798,                   0,            0.011961,            0.033333,           0.0021612,          0.00046665,               0.127,            0.018052,                   0,            0.009703,            0.009703,            0.009703
                  11,            0.094063,            0.034106,                   0,           0.0011111,             0.23529,           0.0016121,          0.00033333,             0.12262,            0.019697,                   0,             0.00967,             0.00967,             0.00967
                  12,             0.09313,            0.037814,                   0,           0.0020513,             0.42105,            0.007391,           0.0013309,             0.11842,            0.020416,                   0,            0.009637,            0.009637,            0.009637
                  13,            0.094445,            0.032896,                   0,           0.0033333,                 0.7,            0.010837,           0.0038243,             0.11143,            0.022546,                   0,            0.009604,            0.009604,            0.009604
                  14,            0.090458,            0.035079,                   0,           0.0024444,             0.52381,            0.015189,           0.0031435,             0.10536,            0.024696,                   0,            0.009571,            0.009571,            0.009571
                  15,            0.088742,            0.034934,                   0,             0.11187,             0.15789,            0.062724,            0.017852,             0.10524,            0.023938,                   0,            0.009538,            0.009538,            0.009538
                  16,            0.087681,            0.033937,                   0,             0.28291,             0.21429,              0.2386,            0.075734,            0.096714,             0.02634,                   0,            0.009505,            0.009505,            0.009505
                  17,            0.089498,            0.034482,                   0,             0.25235,             0.27273,             0.23377,            0.060854,            0.093727,             0.02722,                   0,            0.009472,            0.009472,            0.009472
                  18,            0.086125,            0.034327,                   0,             0.22295,             0.32532,             0.15076,            0.032244,            0.091733,            0.027417,                   0,            0.009439,            0.009439,            0.009439
                  19,            0.086712,            0.033642,                   0,              0.1807,              0.2766,             0.10353,            0.024232,            0.084664,            0.028427,                   0,            0.009406,            0.009406,            0.009406
                  20,            0.082663,            0.033797,                   0,             0.14939,             0.20833,            0.083031,            0.023049,            0.085731,            0.028395,                   0,            0.009373,            0.009373,            0.009373
                  21,            0.082507,            0.030786,                   0,             0.21448,             0.31429,             0.17199,            0.042625,            0.082839,              0.0287,                   0,             0.00934,             0.00934,             0.00934
                  22,            0.088196,             0.03157,                   0,               0.121,              0.2381,            0.090919,            0.022781,             0.07765,            0.029275,                   0,            0.009307,            0.009307,            0.009307
                  23,            0.082629,            0.030936,                   0,              0.4272,             0.21429,             0.19219,            0.051244,            0.077231,            0.028843,                   0,            0.009274,            0.009274,            0.009274
                  24,            0.084478,            0.030627,                   0,             0.13575,             0.21875,             0.12989,            0.041195,            0.076159,            0.029539,                   0,            0.009241,            0.009241,            0.009241
                  25,            0.081798,            0.032989,                   0,             0.36123,             0.17857,             0.18788,            0.053391,            0.077856,            0.029486,                   0,            0.009208,            0.009208,            0.009208
                  26,            0.081207,            0.033678,                   0,             0.28037,             0.33271,             0.18721,            0.051595,            0.077743,            0.029207,                   0,            0.009175,            0.009175,            0.009175
                  27,            0.083092,             0.03054,                   0,             0.25993,              0.2973,             0.19206,            0.053967,             0.07643,            0.030244,                   0,            0.009142,            0.009142,            0.009142
                  28,            0.078374,            0.032583,                   0,             0.23317,             0.37339,             0.26118,            0.084841,            0.080197,            0.028559,                   0,            0.009109,            0.009109,            0.009109
                  29,            0.075772,             0.03194,                   0,             0.27748,             0.39286,             0.21749,            0.075391,            0.076821,            0.027515,                   0,            0.009076,            0.009076,            0.009076
                  30,            0.073946,            0.031082,                   0,             0.24231,                 0.5,             0.28864,            0.091595,            0.071125,            0.027843,                   0,            0.009043,            0.009043,            0.009043
                  31,            0.076725,            0.030751,                   0,             0.31221,             0.42165,             0.27758,            0.096668,            0.069509,            0.027466,                   0,             0.00901,             0.00901,             0.00901
                  32,            0.075532,            0.030611,                   0,             0.22479,             0.51163,             0.19614,            0.052354,            0.071676,             0.02648,                   0,            0.008977,            0.008977,            0.008977
                  33,            0.078863,            0.028245,                   0,             0.20555,             0.57497,             0.17091,             0.04624,            0.071158,            0.025555,                   0,            0.008944,            0.008944,            0.008944
                  34,            0.076525,            0.030201,                   0,             0.18951,             0.61224,              0.1552,            0.044769,            0.073112,            0.024835,                   0,            0.008911,            0.008911,            0.008911
                  35,            0.076302,            0.030102,                   0,             0.11936,             0.38636,            0.084061,            0.025628,            0.071818,            0.026142,                   0,            0.008878,            0.008878,            0.008878
                  36,            0.076171,            0.029751,                   0,             0.15232,             0.48889,             0.13285,            0.041177,             0.06678,            0.026734,                   0,            0.008845,            0.008845,            0.008845
                  37,            0.073489,            0.029739,                   0,             0.21936,             0.36842,             0.20349,              0.0578,            0.072708,            0.024686,                   0,            0.008812,            0.008812,            0.008812
                  38,            0.074514,            0.030347,                   0,             0.23651,             0.47222,             0.20282,            0.063617,            0.065501,            0.026819,                   0,            0.008779,            0.008779,            0.008779
                  39,            0.073373,            0.028809,                   0,             0.32893,             0.49019,             0.31686,            0.088785,            0.065151,            0.026577,                   0,            0.008746,            0.008746,            0.008746
                  40,            0.073075,            0.026451,                   0,              0.3128,             0.42553,             0.29539,             0.10527,            0.066956,            0.025795,                   0,            0.008713,            0.008713,            0.008713
                  41,            0.074136,            0.025886,                   0,             0.37649,             0.42857,             0.31364,            0.087361,            0.070028,            0.025266,                   0,             0.00868,             0.00868,             0.00868
                  42,            0.073723,            0.028485,                   0,             0.47122,             0.55056,             0.40088,             0.11556,            0.069007,            0.024766,                   0,            0.008647,            0.008647,            0.008647
                  43,            0.074205,            0.029722,                   0,             0.35148,              0.5102,             0.37063,             0.12144,            0.065826,            0.024393,                   0,            0.008614,            0.008614,            0.008614
                  44,            0.071226,            0.029144,                   0,             0.23465,             0.58333,             0.26562,            0.089468,            0.065049,            0.025092,                   0,            0.008581,            0.008581,            0.008581
                  45,            0.071641,            0.027554,                   0,             0.43995,             0.58923,              0.4266,             0.12773,            0.063249,            0.024701,                   0,            0.008548,            0.008548,            0.008548
                  46,            0.070551,             0.02783,                   0,             0.38449,             0.54286,             0.38648,              0.1277,            0.064954,             0.02374,                   0,            0.008515,            0.008515,            0.008515
                  47,            0.071822,            0.027504,                   0,             0.24365,             0.60402,              0.2484,            0.090626,            0.065888,            0.024841,                   0,            0.008482,            0.008482,            0.008482
                  48,            0.077156,            0.025935,                   0,             0.38026,              0.5625,             0.34684,            0.080957,            0.066813,            0.023316,                   0,            0.008449,            0.008449,            0.008449
                  49,            0.075248,            0.027227,                   0,             0.34244,             0.37838,             0.30179,            0.098672,            0.061946,            0.024313,                   0,            0.008416,            0.008416,            0.008416
                  50,            0.069911,            0.026434,                   0,             0.49593,             0.43243,             0.40932,             0.13913,            0.060241,            0.023979,                   0,            0.008383,            0.008383,            0.008383
                  51,            0.069909,            0.026664,                   0,              0.5057,             0.41496,             0.45799,             0.15185,            0.060178,            0.023468,                   0,             0.00835,             0.00835,             0.00835
                  52,            0.071024,            0.030691,                   0,             0.36078,              0.4686,             0.39856,             0.13245,            0.066525,            0.022344,                   0,            0.008317,            0.008317,            0.008317
                  53,            0.071272,             0.02896,                   0,             0.42751,             0.39474,             0.37702,              0.1248,            0.064206,            0.023171,                   0,            0.008284,            0.008284,            0.008284
                  54,            0.070074,            0.027685,                   0,             0.42128,             0.57895,             0.47769,             0.15727,            0.065512,             0.02247,                   0,            0.008251,            0.008251,            0.008251
                  55,            0.070328,            0.027309,                   0,             0.34744,             0.54717,             0.42108,             0.13766,            0.059382,            0.023329,                   0,            0.008218,            0.008218,            0.008218
                  56,            0.070186,            0.028604,                   0,             0.45556,                0.46,             0.36647,             0.10864,            0.059254,            0.023622,                   0,            0.008185,            0.008185,            0.008185
                  57,              0.0692,            0.027985,                   0,             0.46386,             0.52083,             0.41707,             0.13012,            0.059125,            0.023756,                   0,            0.008152,            0.008152,            0.008152
                  58,             0.06735,            0.024454,                   0,              0.3474,             0.58333,             0.36612,             0.11742,            0.064884,              0.0248,                   0,            0.008119,            0.008119,            0.008119
                  59,            0.071048,            0.027091,                   0,             0.36266,             0.35556,             0.28478,             0.10541,            0.064277,            0.025389,                   0,            0.008086,            0.008086,            0.008086
                  60,            0.067315,            0.029157,                   0,             0.43114,             0.49057,             0.38894,             0.14721,            0.061157,            0.023243,                   0,            0.008053,            0.008053,            0.008053
                  61,             0.07065,            0.025682,                   0,             0.50096,             0.57143,             0.48079,             0.15416,            0.058934,            0.023008,                   0,             0.00802,             0.00802,             0.00802
                  62,            0.070916,            0.025829,                   0,             0.33359,             0.48176,             0.30001,             0.09032,            0.064037,            0.022507,                   0,            0.007987,            0.007987,            0.007987
                  63,            0.068189,            0.024423,                   0,             0.34342,             0.54167,             0.39911,             0.12939,            0.061209,            0.022127,                   0,            0.007954,            0.007954,            0.007954
                  64,            0.066887,            0.026678,                   0,               0.467,             0.59091,             0.50757,              0.1651,            0.058792,            0.022249,                   0,            0.007921,            0.007921,            0.007921
                  65,            0.069591,            0.023999,                   0,             0.28298,             0.47662,             0.29903,             0.12058,            0.060537,            0.021345,                   0,            0.007888,            0.007888,            0.007888
                  66,             0.06803,            0.026176,                   0,             0.50985,             0.34615,             0.39222,             0.13187,            0.063713,            0.021919,                   0,            0.007855,            0.007855,            0.007855
                  67,            0.069972,            0.026106,                   0,             0.45536,             0.45455,             0.45877,             0.16138,            0.059345,            0.021188,                   0,            0.007822,            0.007822,            0.007822
                  68,            0.068559,            0.024581,                   0,              0.5066,             0.52273,               0.479,              0.1718,            0.060748,            0.020459,                   0,            0.007789,            0.007789,            0.007789
                  69,            0.067378,            0.024451,                   0,             0.43655,             0.48889,             0.48989,             0.16544,            0.061987,            0.020831,                   0,            0.007756,            0.007756,            0.007756
                  70,            0.066337,             0.02613,                   0,             0.43569,             0.46623,              0.4611,             0.15643,            0.061453,                0.02,                   0,            0.007723,            0.007723,            0.007723
                  71,            0.067738,             0.02643,                   0,             0.38146,              0.5283,             0.41015,             0.12677,            0.063393,            0.019753,                   0,             0.00769,             0.00769,             0.00769
                  72,            0.068919,            0.026759,                   0,             0.55928,             0.58491,             0.57056,             0.18017,            0.059273,            0.020538,                   0,            0.007657,            0.007657,            0.007657
                  73,            0.066794,            0.026852,                   0,              0.5088,             0.50816,             0.47376,             0.16625,            0.059713,            0.020192,                   0,            0.007624,            0.007624,            0.007624
                  74,            0.067255,            0.024957,                   0,             0.47004,             0.43512,             0.42321,             0.13595,            0.065748,            0.024324,                   0,            0.007591,            0.007591,            0.007591
                  75,            0.072743,            0.022141,                   0,             0.43586,             0.68889,             0.57104,             0.18057,            0.058776,             0.01989,                   0,            0.007558,            0.007558,            0.007558
                  76,            0.065738,            0.024535,                   0,             0.48807,             0.44444,             0.41829,             0.15345,            0.059528,            0.020974,                   0,            0.007525,            0.007525,            0.007525
                  77,            0.067166,            0.025494,                   0,             0.37435,             0.41509,             0.38566,             0.13262,            0.060253,            0.020487,                   0,            0.007492,            0.007492,            0.007492
                  78,            0.065441,            0.025061,                   0,             0.62757,             0.41509,             0.48335,             0.15883,            0.062409,            0.020372,                   0,            0.007459,            0.007459,            0.007459
                  79,            0.066319,            0.024399,                   0,             0.49883,             0.45076,             0.43632,             0.13828,            0.056657,            0.019675,                   0,            0.007426,            0.007426,            0.007426
                  80,            0.065767,            0.024268,                   0,              0.3979,             0.43644,             0.47555,             0.16055,            0.059982,            0.019313,                   0,            0.007393,            0.007393,            0.007393
                  81,            0.069116,            0.022436,                   0,             0.38419,             0.50943,             0.47422,             0.14246,            0.062076,            0.019262,                   0,             0.00736,             0.00736,             0.00736
                  82,            0.073007,            0.022197,                   0,             0.34699,             0.50943,             0.37414,             0.12234,            0.060762,            0.020501,                   0,            0.007327,            0.007327,            0.007327
                  83,            0.064418,            0.025929,                   0,             0.48971,             0.49057,             0.46534,             0.16521,             0.05875,            0.020405,                   0,            0.007294,            0.007294,            0.007294
                  84,            0.069854,            0.022814,                   0,             0.49204,             0.54832,             0.57103,             0.17326,            0.059108,             0.01893,                   0,            0.007261,            0.007261,            0.007261
                  85,             0.06768,            0.023258,                   0,             0.45125,             0.56604,             0.52473,             0.18559,            0.058288,            0.019588,                   0,            0.007228,            0.007228,            0.007228
                  86,            0.066528,            0.022614,                   0,             0.46518,             0.59085,             0.52014,             0.19533,            0.057598,            0.019624,                   0,            0.007195,            0.007195,            0.007195
                  87,             0.06615,            0.023126,                   0,             0.49311,             0.54717,             0.53545,              0.1938,            0.058401,            0.019707,                   0,            0.007162,            0.007162,            0.007162
                  88,            0.063409,            0.024725,                   0,             0.60778,             0.58476,             0.55914,             0.21006,            0.056531,            0.019639,                   0,            0.007129,            0.007129,            0.007129
                  89,            0.067026,            0.024187,                   0,             0.49847,             0.58491,             0.56206,             0.19294,            0.057431,            0.019318,                   0,            0.007096,            0.007096,            0.007096
                  90,            0.066372,            0.023084,                   0,             0.39715,              0.5283,             0.44309,             0.16447,            0.059007,            0.020855,                   0,            0.007063,            0.007063,            0.007063
                  91,            0.066438,            0.022445,                   0,             0.53463,             0.50943,             0.53518,             0.18106,            0.058258,            0.020486,                   0,             0.00703,             0.00703,             0.00703
                  92,            0.066484,            0.023265,                   0,             0.57088,              0.5283,             0.56024,             0.19087,            0.056168,            0.019471,                   0,            0.006997,            0.006997,            0.006997
                  93,            0.062938,            0.022748,                   0,              0.4524,             0.45283,             0.47304,             0.16831,            0.060429,            0.020438,                   0,            0.006964,            0.006964,            0.006964
                  94,              0.0647,            0.022706,                   0,             0.51223,             0.57468,             0.55565,             0.21162,            0.058023,            0.018841,                   0,            0.006931,            0.006931,            0.006931
                  95,            0.064246,             0.02366,                   0,             0.50246,             0.55266,             0.57277,             0.21977,            0.056937,            0.018564,                   0,            0.006898,            0.006898,            0.006898
                  96,            0.064313,            0.026966,                   0,             0.55604,             0.51999,             0.56658,             0.20868,            0.056495,             0.01816,                   0,            0.006865,            0.006865,            0.006865
                  97,            0.065077,            0.022599,                   0,             0.55433,             0.53985,             0.52761,             0.19871,            0.057546,            0.018441,                   0,            0.006832,            0.006832,            0.006832
                  98,            0.064705,            0.022921,                   0,             0.52745,             0.56867,              0.5578,             0.17753,            0.058348,             0.01894,                   0,            0.006799,            0.006799,            0.006799
                  99,            0.067432,            0.024123,                   0,             0.52573,              0.4393,             0.45188,              0.1744,            0.057551,            0.019732,                   0,            0.006766,            0.006766,            0.006766
                 100,             0.06588,            0.022985,                   0,             0.60274,              0.4717,              0.5506,             0.21263,            0.054304,            0.019379,                   0,            0.006733,            0.006733,            0.006733
                 101,            0.062465,            0.022178,                   0,             0.52949,             0.54717,             0.59015,             0.21172,             0.05568,            0.019127,                   0,              0.0067,              0.0067,              0.0067
                 102,            0.061091,            0.024542,                   0,              0.5014,             0.66038,             0.56296,             0.21228,            0.055088,            0.019504,                   0,            0.006667,            0.006667,            0.006667
                 103,              0.0631,            0.026857,                   0,             0.57954,             0.69811,             0.61854,             0.18976,            0.054204,             0.01829,                   0,            0.006634,            0.006634,            0.006634
                 104,            0.066049,            0.022863,                   0,             0.58043,             0.67925,             0.60332,             0.19416,            0.056176,            0.018189,                   0,            0.006601,            0.006601,            0.006601
                 105,            0.063975,            0.021059,                   0,             0.57734,             0.62264,             0.61044,             0.20664,            0.055082,            0.018439,                   0,            0.006568,            0.006568,            0.006568
                 106,            0.061462,            0.021107,                   0,             0.56871,             0.60377,             0.59867,             0.20484,              0.0532,            0.018553,                   0,            0.006535,            0.006535,            0.006535
                 107,            0.062475,            0.023865,                   0,             0.57071,             0.62264,              0.6063,             0.21028,             0.05408,             0.01835,                   0,            0.006502,            0.006502,            0.006502
                 108,            0.065577,            0.022104,                   0,             0.52325,             0.60058,             0.51588,             0.20611,            0.057839,            0.018687,                   0,            0.006469,            0.006469,            0.006469
                 109,            0.064569,            0.021383,                   0,             0.53156,             0.56604,             0.53601,             0.19665,            0.055141,             0.01804,                   0,            0.006436,            0.006436,            0.006436
                 110,            0.063066,            0.023827,                   0,              0.5795,              0.6761,             0.62102,             0.20578,             0.05529,            0.018038,                   0,            0.006403,            0.006403,            0.006403
                 111,            0.063989,            0.024158,                   0,             0.60162,             0.49057,             0.55193,              0.1706,            0.054371,            0.019028,                   0,             0.00637,             0.00637,             0.00637
                 112,            0.061521,            0.024266,                   0,             0.70169,             0.44394,             0.55155,             0.18122,            0.054651,            0.019189,                   0,            0.006337,            0.006337,            0.006337
                 113,            0.063194,            0.023886,                   0,             0.71683,             0.50943,             0.59598,             0.20464,            0.051888,            0.018643,                   0,            0.006304,            0.006304,            0.006304
                 114,            0.062116,            0.023802,                   0,             0.58541,             0.63944,             0.61022,             0.21955,            0.057184,             0.01903,                   0,            0.006271,            0.006271,            0.006271
                 115,            0.062744,            0.024526,                   0,             0.56263,             0.66038,             0.61197,              0.2324,            0.053152,              0.0179,                   0,            0.006238,            0.006238,            0.006238
                 116,            0.063148,            0.022846,                   0,             0.62846,             0.66038,             0.63308,             0.23609,            0.057163,            0.017521,                   0,            0.006205,            0.006205,            0.006205
                 117,            0.062865,            0.021821,                   0,             0.48804,             0.58491,             0.50404,              0.2052,             0.05752,            0.018491,                   0,            0.006172,            0.006172,            0.006172
                 118,             0.06207,            0.021951,                   0,             0.54971,             0.62264,             0.60093,             0.23115,            0.052951,            0.017973,                   0,            0.006139,            0.006139,            0.006139
                 119,            0.061449,            0.022484,                   0,             0.50252,             0.60377,             0.58784,             0.18034,            0.054607,            0.018178,                   0,            0.006106,            0.006106,            0.006106
                 120,            0.061531,            0.023633,                   0,              0.6207,             0.56604,             0.65288,             0.23419,            0.053595,             0.01735,                   0,            0.006073,            0.006073,            0.006073
                 121,            0.062404,            0.022429,                   0,             0.51474,             0.49057,              0.5287,             0.19872,            0.055849,            0.017303,                   0,             0.00604,             0.00604,             0.00604
                 122,            0.060244,            0.022885,                   0,             0.55591,             0.60377,             0.59267,             0.21889,            0.053899,            0.017672,                   0,            0.006007,            0.006007,            0.006007
                 123,            0.062691,            0.021584,                   0,             0.67055,             0.61455,             0.66804,             0.25493,             0.05378,            0.017508,                   0,            0.005974,            0.005974,            0.005974
                 124,            0.063123,            0.022656,                   0,             0.59365,             0.64151,             0.58724,             0.22456,            0.056617,            0.016926,                   0,            0.005941,            0.005941,            0.005941
                 125,            0.060145,            0.022324,                   0,             0.73795,             0.58448,             0.64039,             0.24177,             0.05398,            0.017166,                   0,            0.005908,            0.005908,            0.005908
                 126,            0.065864,            0.019174,                   0,              0.6607,             0.49057,             0.55486,             0.21412,            0.056904,            0.017345,                   0,            0.005875,            0.005875,            0.005875
                 127,            0.063334,            0.022438,                   0,             0.48457,             0.47901,             0.52356,              0.1806,            0.057814,            0.017663,                   0,            0.005842,            0.005842,            0.005842
                 128,            0.065839,            0.020767,                   0,             0.61852,             0.54717,             0.58917,             0.20312,            0.055417,            0.019451,                   0,            0.005809,            0.005809,            0.005809
                 129,            0.064095,            0.022608,                   0,             0.41276,             0.54717,             0.47351,             0.14182,            0.055221,             0.01883,                   0,            0.005776,            0.005776,            0.005776
                 130,            0.062778,            0.022488,                   0,             0.46511,             0.67925,             0.58538,             0.23973,              0.0557,            0.017426,                   0,            0.005743,            0.005743,            0.005743
                 131,             0.06164,            0.022217,                   0,             0.54191,             0.66038,             0.64478,             0.23352,            0.054284,            0.017429,                   0,             0.00571,             0.00571,             0.00571
                 132,            0.060762,            0.021487,                   0,             0.58656,             0.60377,             0.59592,             0.23021,            0.055061,            0.017312,                   0,            0.005677,            0.005677,            0.005677
                 133,            0.059763,            0.021691,                   0,             0.59106,             0.54717,             0.57325,             0.21664,            0.053443,            0.017496,                   0,            0.005644,            0.005644,            0.005644
                 134,            0.065017,            0.020232,                   0,             0.44837,             0.60377,             0.49514,             0.18352,            0.055393,            0.017997,                   0,            0.005611,            0.005611,            0.005611
                 135,            0.058531,            0.020617,                   0,             0.58136,             0.60377,             0.57198,             0.23695,            0.054534,            0.017563,                   0,            0.005578,            0.005578,            0.005578
                 136,            0.060875,            0.022859,                   0,             0.58542,             0.60377,             0.58213,             0.23474,            0.057219,            0.017584,                   0,            0.005545,            0.005545,            0.005545
                 137,            0.061109,             0.02285,                   0,             0.41214,             0.62264,             0.47867,             0.17293,            0.056002,            0.017426,                   0,            0.005512,            0.005512,            0.005512
                 138,            0.060901,            0.019581,                   0,             0.54224,             0.49171,             0.51021,             0.20275,            0.054909,             0.01866,                   0,            0.005479,            0.005479,            0.005479
                 139,            0.062703,            0.022498,                   0,             0.55133,             0.58491,             0.54473,              0.1927,            0.056301,            0.017704,                   0,            0.005446,            0.005446,            0.005446
                 140,            0.061479,            0.022165,                   0,              0.6583,             0.50943,             0.59966,             0.23346,            0.054189,            0.017466,                   0,            0.005413,            0.005413,            0.005413
                 141,            0.062272,            0.020311,                   0,             0.57494,             0.45283,              0.5642,             0.23738,            0.054078,            0.017473,                   0,             0.00538,             0.00538,             0.00538
                 142,            0.062502,            0.019998,                   0,             0.44852,             0.53716,             0.43076,             0.11688,            0.058369,            0.019473,                   0,            0.005347,            0.005347,            0.005347
                 143,            0.061689,            0.023263,                   0,             0.49682,             0.50308,                0.52,             0.21422,            0.058461,             0.01788,                   0,            0.005314,            0.005314,            0.005314
                 144,             0.06098,            0.023364,                   0,             0.55985,             0.58491,              0.6164,               0.263,            0.053959,            0.017419,                   0,            0.005281,            0.005281,            0.005281
                 145,            0.059329,            0.022519,                   0,             0.48174,             0.64151,             0.56815,             0.22003,            0.052402,            0.016529,                   0,            0.005248,            0.005248,            0.005248
                 146,            0.061119,            0.022095,                   0,             0.50129,             0.66038,             0.56913,             0.22991,            0.052793,            0.016544,                   0,            0.005215,            0.005215,            0.005215
                 147,            0.058689,            0.020449,                   0,             0.56849,             0.59665,             0.62301,             0.22268,            0.054436,            0.016879,                   0,            0.005182,            0.005182,            0.005182
                 148,             0.06115,            0.023056,                   0,             0.59776,             0.58491,             0.57104,             0.20666,             0.05594,            0.016941,                   0,            0.005149,            0.005149,            0.005149
                 149,            0.059124,             0.02528,                   0,              0.5977,             0.58491,             0.59465,             0.22644,            0.054181,            0.016981,                   0,            0.005116,            0.005116,            0.005116
                 150,            0.059622,            0.021109,                   0,             0.57526,              0.5283,             0.58562,             0.22435,            0.053045,            0.017225,                   0,            0.005083,            0.005083,            0.005083
                 151,            0.057697,            0.022307,                   0,             0.57101,             0.60377,             0.65021,             0.23943,             0.05051,            0.017198,                   0,             0.00505,             0.00505,             0.00505
                 152,            0.061188,            0.024729,                   0,             0.59518,             0.62264,             0.66823,             0.22967,            0.052011,            0.016967,                   0,            0.005017,            0.005017,            0.005017
                 153,            0.058958,             0.02226,                   0,             0.46176,             0.64151,             0.56804,             0.17125,            0.054678,            0.018357,                   0,            0.004984,            0.004984,            0.004984
                 154,            0.058374,            0.022412,                   0,             0.58831,              0.5662,             0.53941,             0.21414,            0.057762,            0.020783,                   0,            0.004951,            0.004951,            0.004951
                 155,            0.060796,            0.024888,                   0,             0.73613,              0.5791,             0.65399,              0.2363,            0.054748,            0.018077,                   0,            0.004918,            0.004918,            0.004918
                 156,            0.060392,            0.022776,                   0,             0.70886,             0.62264,             0.64224,             0.23088,            0.054256,            0.016941,                   0,            0.004885,            0.004885,            0.004885
                 157,            0.059261,            0.022821,                   0,             0.75225,             0.57301,             0.71955,             0.25257,            0.050466,             0.01671,                   0,            0.004852,            0.004852,            0.004852
                 158,             0.05611,            0.020806,                   0,             0.71962,             0.53277,             0.69537,             0.26987,            0.049186,            0.016378,                   0,            0.004819,            0.004819,            0.004819
                 159,            0.061405,            0.021453,                   0,             0.64244,             0.71198,             0.68493,             0.24406,            0.052274,            0.016503,                   0,            0.004786,            0.004786,            0.004786
                 160,            0.059739,            0.022352,                   0,             0.67519,             0.64151,             0.67753,             0.24522,            0.052174,            0.016504,                   0,            0.004753,            0.004753,            0.004753
                 161,            0.060161,            0.022305,                   0,             0.59783,             0.67925,             0.64744,             0.21395,            0.053049,             0.01605,                   0,             0.00472,             0.00472,             0.00472
                 162,            0.060229,            0.020293,                   0,             0.65969,             0.71698,             0.70782,             0.24809,            0.049991,            0.016122,                   0,            0.004687,            0.004687,            0.004687
                 163,             0.05686,            0.021757,                   0,             0.82685,             0.63083,             0.76238,             0.27114,            0.049902,            0.016196,                   0,            0.004654,            0.004654,            0.004654
                 164,            0.058754,            0.022367,                   0,              0.6876,             0.64151,              0.7256,             0.26968,            0.050277,            0.016633,                   0,            0.004621,            0.004621,            0.004621
                 165,            0.057507,            0.021942,                   0,             0.53197,             0.64151,             0.57775,             0.21275,            0.053049,            0.016862,                   0,            0.004588,            0.004588,            0.004588
                 166,            0.059615,            0.022462,                   0,             0.45543,             0.56604,             0.48634,              0.1873,            0.055308,            0.018461,                   0,            0.004555,            0.004555,            0.004555
                 167,             0.06091,            0.020174,                   0,             0.55292,             0.56011,             0.54009,             0.20128,            0.053008,            0.018293,                   0,            0.004522,            0.004522,            0.004522
                 168,            0.058912,            0.021537,                   0,             0.69525,             0.60264,             0.69433,             0.23775,            0.050328,            0.016436,                   0,            0.004489,            0.004489,            0.004489
                 169,            0.058943,            0.023551,                   0,             0.70814,             0.58491,             0.72014,             0.25299,            0.049052,            0.016253,                   0,            0.004456,            0.004456,            0.004456
                 170,            0.058109,            0.020159,                   0,             0.62783,             0.67925,             0.69219,             0.25736,            0.051156,            0.015913,                   0,            0.004423,            0.004423,            0.004423
                 171,            0.055778,            0.019928,                   0,             0.68529,             0.58491,             0.71788,             0.27995,            0.050508,            0.015893,                   0,             0.00439,             0.00439,             0.00439
                 172,            0.061496,            0.019985,                   0,             0.62925,             0.62264,             0.59089,             0.18712,            0.056005,            0.016476,                   0,            0.004357,            0.004357,            0.004357
                 173,            0.059002,            0.021194,                   0,             0.60796,             0.58491,             0.68166,             0.27464,            0.050783,            0.016442,                   0,            0.004324,            0.004324,            0.004324
                 174,            0.055729,            0.023769,                   0,              0.6297,              0.6417,             0.70286,             0.27753,            0.050699,            0.016175,                   0,            0.004291,            0.004291,            0.004291
                 175,            0.057574,            0.023488,                   0,             0.66926,             0.64151,             0.70044,             0.28609,            0.049215,            0.017111,                   0,            0.004258,            0.004258,            0.004258
                 176,              0.0574,            0.021832,                   0,             0.68527,             0.45283,              0.5979,             0.22695,            0.051839,            0.016737,                   0,            0.004225,            0.004225,            0.004225
                 177,            0.056137,            0.019269,                   0,              0.6706,             0.45283,             0.59937,             0.24439,            0.051774,            0.016929,                   0,            0.004192,            0.004192,            0.004192
                 178,            0.056765,             0.02152,                   0,             0.76597,             0.49057,             0.67477,             0.23306,            0.052512,            0.017277,                   0,            0.004159,            0.004159,            0.004159
                 179,            0.057249,            0.020281,                   0,             0.57802,             0.67925,              0.6545,             0.23205,            0.052186,            0.017066,                   0,            0.004126,            0.004126,            0.004126
                 180,            0.058207,            0.025207,                   0,             0.69996,             0.57231,             0.66007,             0.25159,            0.052661,            0.016595,                   0,            0.004093,            0.004093,            0.004093
                 181,             0.05727,            0.022624,                   0,             0.75603,              0.5847,             0.65819,             0.26095,            0.050958,             0.01735,                   0,             0.00406,             0.00406,             0.00406
                 182,            0.059712,            0.021009,                   0,             0.67956,             0.58491,             0.64251,              0.2192,            0.054621,            0.016212,                   0,            0.004027,            0.004027,            0.004027
                 183,            0.057694,             0.02141,                   0,             0.70428,             0.62264,             0.71154,             0.26671,            0.051181,             0.01649,                   0,            0.003994,            0.003994,            0.003994
                 184,            0.056736,             0.02074,                   0,             0.52527,             0.60544,             0.55398,             0.18839,             0.05227,            0.018391,                   0,            0.003961,            0.003961,            0.003961
                 185,            0.059752,            0.019471,                   0,             0.57019,             0.62581,             0.61837,             0.21292,            0.053356,            0.018169,                   0,            0.003928,            0.003928,            0.003928
                 186,            0.058137,             0.02035,                   0,             0.67255,             0.69756,               0.724,             0.26695,            0.050211,            0.016419,                   0,            0.003895,            0.003895,            0.003895
                 187,            0.056192,            0.023136,                   0,             0.60712,             0.69978,             0.71682,              0.2815,            0.049594,            0.016404,                   0,            0.003862,            0.003862,            0.003862
                 188,            0.058056,            0.019413,                   0,             0.68322,             0.52902,             0.68057,             0.26607,            0.049547,            0.016497,                   0,            0.003829,            0.003829,            0.003829
                 189,            0.057255,            0.023113,                   0,             0.69534,             0.62264,             0.69451,             0.28611,              0.0487,            0.016266,                   0,            0.003796,            0.003796,            0.003796
                 190,             0.05797,             0.01859,                   0,             0.68672,              0.4717,             0.56061,              0.1989,            0.056968,            0.018172,                   0,            0.003763,            0.003763,            0.003763
                 191,               0.057,            0.021133,                   0,             0.59477,             0.58161,             0.65479,             0.25444,            0.054371,            0.017088,                   0,             0.00373,             0.00373,             0.00373
                 192,            0.056847,             0.02159,                   0,             0.78447,             0.56604,             0.70406,             0.27427,             0.05051,            0.015891,                   0,            0.003697,            0.003697,            0.003697
                 193,            0.057012,            0.024329,                   0,             0.77851,             0.59697,             0.72931,             0.28384,            0.050144,            0.015396,                   0,            0.003664,            0.003664,            0.003664
                 194,            0.055209,            0.019446,                   0,             0.68827,             0.66661,             0.75353,             0.27885,            0.049681,            0.015686,                   0,            0.003631,            0.003631,            0.003631
                 195,            0.056828,            0.021786,                   0,             0.63241,             0.60377,             0.68006,             0.25098,            0.050075,            0.015563,                   0,            0.003598,            0.003598,            0.003598
                 196,            0.058944,            0.021392,                   0,             0.67816,             0.62264,             0.70745,             0.26685,            0.048263,            0.015636,                   0,            0.003565,            0.003565,            0.003565
                 197,            0.058902,            0.021735,                   0,             0.72486,             0.56604,             0.70257,             0.25116,            0.049019,            0.015655,                   0,            0.003532,            0.003532,            0.003532
                 198,            0.056963,            0.020002,                   0,             0.73752,              0.5832,             0.67291,             0.23192,            0.052455,             0.01594,                   0,            0.003499,            0.003499,            0.003499
                 199,            0.055538,            0.019793,                   0,             0.70113,             0.64151,              0.7288,             0.27129,            0.049026,            0.015897,                   0,            0.003466,            0.003466,            0.003466
                 200,            0.056177,             0.01989,                   0,             0.59049,             0.66038,             0.67557,             0.24364,            0.051488,            0.016594,                   0,            0.003433,            0.003433,            0.003433
                 201,            0.055386,            0.020828,                   0,              0.6549,             0.64151,             0.67811,              0.2471,            0.050397,            0.016188,                   0,              0.0034,              0.0034,              0.0034
                 202,             0.05507,            0.019066,                   0,             0.65591,             0.64748,             0.67826,             0.26003,            0.048587,            0.015881,                   0,            0.003367,            0.003367,            0.003367
                 203,            0.053652,            0.023243,                   0,             0.58069,             0.58491,             0.60976,             0.25443,            0.053865,            0.016464,                   0,            0.003334,            0.003334,            0.003334
                 204,            0.055815,            0.021568,                   0,             0.63316,             0.52116,             0.62064,             0.23092,             0.05564,            0.016611,                   0,            0.003301,            0.003301,            0.003301
                 205,            0.055221,            0.022622,                   0,             0.56194,             0.58491,             0.60344,             0.26274,            0.053361,            0.016519,                   0,            0.003268,            0.003268,            0.003268
                 206,            0.053819,            0.020092,                   0,             0.57042,             0.62641,             0.60717,             0.24978,            0.050084,            0.016549,                   0,            0.003235,            0.003235,            0.003235
                 207,            0.056884,            0.020915,                   0,             0.75947,             0.54717,             0.68652,             0.26296,            0.048005,            0.015854,                   0,            0.003202,            0.003202,            0.003202
                 208,            0.054168,            0.020752,                   0,             0.81997,             0.56604,             0.73665,             0.26592,            0.048553,            0.015855,                   0,            0.003169,            0.003169,            0.003169
                 209,            0.055896,             0.02249,                   0,              0.7791,             0.64151,             0.73273,             0.28226,             0.04878,            0.015326,                   0,            0.003136,            0.003136,            0.003136
                 210,            0.056416,             0.01908,                   0,             0.76462,             0.60377,             0.67406,             0.24884,            0.050235,            0.015379,                   0,            0.003103,            0.003103,            0.003103
                 211,            0.056618,            0.021326,                   0,              0.6829,             0.60377,             0.68341,             0.25769,            0.048715,            0.015409,                   0,             0.00307,             0.00307,             0.00307
                 212,            0.056858,            0.022273,                   0,             0.76461,             0.61299,             0.65485,             0.23887,            0.050926,            0.015126,                   0,            0.003037,            0.003037,            0.003037
                 213,            0.054819,            0.023379,                   0,             0.68804,             0.69811,             0.72982,              0.2849,             0.04879,            0.015161,                   0,            0.003004,            0.003004,            0.003004
                 214,            0.053303,             0.01864,                   0,             0.72488,             0.69601,             0.74785,             0.29072,             0.04681,            0.015207,                   0,            0.002971,            0.002971,            0.002971
                 215,            0.055206,            0.021905,                   0,             0.65582,             0.64151,              0.7004,             0.25745,            0.048291,             0.01594,                   0,            0.002938,            0.002938,            0.002938
                 216,            0.055311,            0.020294,                   0,             0.73917,             0.64166,             0.74329,             0.26892,            0.048017,            0.016057,                   0,            0.002905,            0.002905,            0.002905
                 217,            0.054966,            0.021364,                   0,             0.69426,             0.62264,             0.64551,             0.23983,            0.051332,             0.01554,                   0,            0.002872,            0.002872,            0.002872
                 218,            0.054837,            0.021455,                   0,             0.73656,             0.64151,             0.66977,             0.24332,            0.049609,            0.015551,                   0,            0.002839,            0.002839,            0.002839
                 219,            0.054315,            0.019951,                   0,             0.60766,             0.73585,             0.68943,             0.25434,            0.047391,            0.015833,                   0,            0.002806,            0.002806,            0.002806
                 220,            0.054667,            0.019221,                   0,             0.55845,              0.7398,             0.68588,              0.2525,            0.049191,            0.016135,                   0,            0.002773,            0.002773,            0.002773
                 221,             0.05306,            0.023517,                   0,             0.64815,             0.69811,             0.68208,             0.25676,            0.048542,            0.016215,                   0,             0.00274,             0.00274,             0.00274
                 222,            0.054481,            0.021599,                   0,             0.85596,             0.56072,             0.70836,             0.25709,            0.050541,             0.01707,                   0,            0.002707,            0.002707,            0.002707
                 223,            0.053411,            0.021266,                   0,             0.86449,              0.6019,             0.73261,             0.26485,            0.049858,            0.016065,                   0,            0.002674,            0.002674,            0.002674
                 224,            0.052604,             0.02108,                   0,             0.77798,             0.62264,             0.75257,             0.26719,            0.048861,            0.015636,                   0,            0.002641,            0.002641,            0.002641
                 225,            0.054946,            0.020137,                   0,             0.75792,             0.66038,             0.73809,             0.28041,            0.047868,            0.015586,                   0,            0.002608,            0.002608,            0.002608
                 226,            0.054253,             0.02146,                   0,             0.74147,             0.64947,             0.73187,             0.28227,            0.047002,            0.015335,                   0,            0.002575,            0.002575,            0.002575
                 227,            0.053866,            0.020574,                   0,             0.74654,             0.62264,             0.74734,             0.27965,            0.049015,            0.015392,                   0,            0.002542,            0.002542,            0.002542
                 228,            0.054018,            0.023861,                   0,             0.59565,             0.67925,              0.7083,             0.27462,            0.047901,             0.01601,                   0,            0.002509,            0.002509,            0.002509
                 229,            0.052769,            0.019236,                   0,             0.67021,             0.77358,             0.73952,             0.28334,            0.047744,             0.01574,                   0,            0.002476,            0.002476,            0.002476
                 230,            0.053421,             0.02089,                   0,             0.69803,             0.73585,             0.75875,             0.29658,            0.047347,            0.015164,                   0,            0.002443,            0.002443,            0.002443
                 231,            0.052541,            0.018424,                   0,             0.73929,             0.69811,             0.77605,             0.28946,            0.048279,            0.015279,                   0,             0.00241,             0.00241,             0.00241
                 232,            0.052124,            0.021873,                   0,             0.73545,             0.73435,             0.78502,             0.28981,            0.047335,             0.01522,                   0,            0.002377,            0.002377,            0.002377
                 233,            0.054761,             0.02183,                   0,             0.69504,             0.71698,             0.75523,             0.29498,            0.045669,            0.015233,                   0,            0.002344,            0.002344,            0.002344
                 234,            0.052282,            0.020638,                   0,             0.76272,             0.66725,              0.7401,             0.28962,            0.046442,            0.015358,                   0,            0.002311,            0.002311,            0.002311
                 235,            0.051894,             0.01878,                   0,             0.77924,             0.66607,             0.74215,             0.29558,            0.046978,            0.015178,                   0,            0.002278,            0.002278,            0.002278
                 236,            0.052867,            0.021303,                   0,             0.78723,             0.62837,             0.73984,              0.2777,            0.048612,            0.015687,                   0,            0.002245,            0.002245,            0.002245
                 237,             0.05255,            0.020914,                   0,             0.75962,             0.66038,             0.73468,             0.30044,            0.047617,            0.015314,                   0,            0.002212,            0.002212,            0.002212
                 238,            0.050575,            0.018799,                   0,             0.62864,             0.71698,             0.73189,              0.2795,            0.049014,            0.015895,                   0,            0.002179,            0.002179,            0.002179
                 239,            0.053096,            0.020668,                   0,              0.7354,             0.73418,             0.76243,             0.28612,            0.049538,            0.016102,                   0,            0.002146,            0.002146,            0.002146
                 240,            0.052514,            0.021525,                   0,             0.76335,             0.67925,              0.7219,             0.26929,            0.049726,            0.016257,                   0,            0.002113,            0.002113,            0.002113
                 241,            0.053379,             0.02048,                   0,             0.77555,             0.66038,             0.71636,               0.259,            0.048666,            0.015383,                   0,             0.00208,             0.00208,             0.00208
                 242,               0.052,            0.019016,                   0,             0.86868,             0.69811,             0.79217,             0.28472,            0.046822,            0.015097,                   0,            0.002047,            0.002047,            0.002047
                 243,             0.05406,            0.020015,                   0,             0.85041,             0.69811,             0.78584,             0.26427,            0.046852,            0.015233,                   0,            0.002014,            0.002014,            0.002014
                 244,            0.055102,             0.02082,                   0,              0.7729,             0.70644,             0.76901,             0.28511,            0.047472,            0.015432,                   0,            0.001981,            0.001981,            0.001981
                 245,            0.051759,            0.020891,                   0,             0.72688,             0.77358,             0.79739,              0.3081,            0.047705,            0.015128,                   0,            0.001948,            0.001948,            0.001948
                 246,            0.055197,            0.018627,                   0,             0.64748,             0.76248,             0.72227,             0.29315,            0.047625,            0.015157,                   0,            0.001915,            0.001915,            0.001915
                 247,            0.053868,             0.02022,                   0,             0.78509,             0.68937,             0.75037,             0.28737,            0.047596,            0.014878,                   0,            0.001882,            0.001882,            0.001882
                 248,             0.05275,            0.018955,                   0,             0.78448,             0.69811,             0.77081,             0.30436,            0.046248,            0.014683,                   0,            0.001849,            0.001849,            0.001849
                 249,            0.054742,            0.020556,                   0,             0.79803,             0.67107,             0.79299,             0.31141,            0.045349,            0.014642,                   0,            0.001816,            0.001816,            0.001816
                 250,            0.052089,            0.019908,                   0,             0.77325,             0.73585,             0.80978,             0.30252,            0.046628,            0.014514,                   0,            0.001783,            0.001783,            0.001783
                 251,            0.052661,            0.019373,                   0,             0.79101,             0.71417,             0.81638,             0.30344,            0.046835,            0.014426,                   0,             0.00175,             0.00175,             0.00175
                 252,             0.05359,            0.018863,                   0,             0.70754,             0.73585,             0.76457,             0.32819,            0.046526,            0.014847,                   0,            0.001717,            0.001717,            0.001717
                 253,            0.052085,            0.018836,                   0,             0.71408,             0.69811,             0.76352,             0.31647,            0.047398,            0.015316,                   0,            0.001684,            0.001684,            0.001684
                 254,            0.051527,            0.021625,                   0,             0.79565,             0.69811,             0.76125,             0.30936,            0.046534,            0.015325,                   0,            0.001651,            0.001651,            0.001651
                 255,            0.051196,            0.020995,                   0,             0.78663,             0.67925,             0.75864,             0.28832,            0.046816,            0.016019,                   0,            0.001618,            0.001618,            0.001618
                 256,            0.049975,            0.018939,                   0,              0.7118,             0.65249,             0.70915,             0.25059,              0.0493,            0.015956,                   0,            0.001585,            0.001585,            0.001585
                 257,            0.053475,            0.018841,                   0,             0.75255,             0.68866,             0.74166,             0.27981,            0.047265,             0.01588,                   0,            0.001552,            0.001552,            0.001552
                 258,            0.051153,            0.020263,                   0,             0.86883,             0.69811,             0.79281,             0.29525,            0.046806,            0.015596,                   0,            0.001519,            0.001519,            0.001519
                 259,            0.053227,            0.020723,                   0,             0.86869,             0.67925,              0.7876,             0.30177,            0.046502,             0.01537,                   0,            0.001486,            0.001486,            0.001486
                 260,            0.052009,             0.01991,                   0,             0.70977,             0.77358,             0.78307,             0.29841,            0.046223,             0.01503,                   0,            0.001453,            0.001453,            0.001453
                 261,            0.049853,            0.021522,                   0,              0.7134,             0.75151,             0.73448,             0.29111,            0.046708,            0.015765,                   0,             0.00142,             0.00142,             0.00142
                 262,            0.051869,            0.020239,                   0,             0.71256,             0.75472,             0.74496,             0.27976,            0.048019,            0.016695,                   0,            0.001387,            0.001387,            0.001387
                 263,             0.05234,            0.018854,                   0,             0.68763,             0.70616,             0.68853,             0.26118,            0.048972,            0.016691,                   0,            0.001354,            0.001354,            0.001354
                 264,            0.051368,            0.019597,                   0,             0.72756,             0.69811,             0.72144,             0.26332,             0.04833,            0.015655,                   0,            0.001321,            0.001321,            0.001321
                 265,            0.052765,            0.021013,                   0,             0.78663,             0.71698,             0.75273,             0.26959,            0.047626,            0.015215,                   0,            0.001288,            0.001288,            0.001288
                 266,            0.052971,            0.019632,                   0,             0.84767,             0.67925,             0.77198,             0.27967,            0.049112,            0.014962,                   0,            0.001255,            0.001255,            0.001255
                 267,            0.049841,            0.018586,                   0,             0.81336,             0.67925,             0.74558,             0.27148,              0.0503,            0.015184,                   0,            0.001222,            0.001222,            0.001222
                 268,             0.05271,            0.021469,                   0,             0.82444,             0.70895,             0.76568,             0.27746,            0.049842,             0.01535,                   0,            0.001189,            0.001189,            0.001189
                 269,            0.052145,            0.018294,                   0,             0.75115,             0.71698,             0.74165,             0.28279,            0.046951,            0.015433,                   0,            0.001156,            0.001156,            0.001156
                 270,             0.05366,            0.019602,                   0,             0.75928,             0.73585,             0.76722,             0.29982,            0.045792,            0.015417,                   0,            0.001123,            0.001123,            0.001123
                 271,            0.051509,            0.017198,                   0,             0.74232,             0.73585,              0.7939,              0.3052,            0.046886,            0.015561,                   0,             0.00109,             0.00109,             0.00109
                 272,            0.050752,             0.01786,                   0,             0.72313,             0.67925,             0.72336,              0.2976,            0.047694,            0.015421,                   0,            0.001057,            0.001057,            0.001057
                 273,            0.052594,            0.020478,                   0,             0.75981,             0.65662,             0.70574,             0.29317,            0.047479,            0.015325,                   0,            0.001024,            0.001024,            0.001024
                 274,            0.050684,            0.020467,                   0,             0.68376,             0.81132,             0.76918,             0.31469,             0.04605,            0.014898,                   0,            0.000991,            0.000991,            0.000991
                 275,            0.050511,            0.019542,                   0,             0.73191,             0.77358,             0.80555,             0.31277,            0.046734,            0.014502,                   0,            0.000958,            0.000958,            0.000958
                 276,            0.050968,            0.019715,                   0,              0.7697,             0.73585,             0.81113,             0.32568,            0.046353,            0.014594,                   0,            0.000925,            0.000925,            0.000925
                 277,            0.054145,            0.018601,                   0,             0.73334,             0.73585,             0.79256,             0.32302,            0.047041,            0.014692,                   0,            0.000892,            0.000892,            0.000892
                 278,            0.051414,            0.019833,                   0,             0.77996,             0.73569,             0.79623,             0.32523,            0.046885,            0.014682,                   0,            0.000859,            0.000859,            0.000859
                 279,            0.048195,            0.018435,                   0,             0.74495,             0.77358,             0.78857,             0.31972,            0.046994,            0.014733,                   0,            0.000826,            0.000826,            0.000826
                 280,            0.053264,             0.01894,                   0,             0.75375,             0.79245,             0.79549,              0.3056,            0.047701,            0.014684,                   0,            0.000793,            0.000793,            0.000793
                 281,            0.050831,            0.019398,                   0,             0.72725,             0.79245,             0.76065,             0.31017,            0.048172,            0.014677,                   0,             0.00076,             0.00076,             0.00076
                 282,            0.051351,            0.020318,                   0,             0.76026,             0.79245,             0.77409,             0.31289,            0.048264,             0.01465,                   0,            0.000727,            0.000727,            0.000727
                 283,            0.051534,            0.018461,                   0,             0.78474,             0.82547,              0.7788,             0.31514,             0.04757,            0.014367,                   0,            0.000694,            0.000694,            0.000694
                 284,            0.050951,            0.019871,                   0,             0.81596,             0.83663,             0.82528,             0.31952,            0.046788,            0.014275,                   0,            0.000661,            0.000661,            0.000661
                 285,            0.054846,            0.020214,                   0,             0.82573,             0.81132,             0.81862,             0.32079,            0.046787,            0.014107,                   0,            0.000628,            0.000628,            0.000628
                 286,            0.052569,            0.019529,                   0,             0.85409,             0.79245,             0.81287,              0.3308,            0.046588,            0.014094,                   0,            0.000595,            0.000595,            0.000595
                 287,            0.050371,            0.020571,                   0,             0.84976,             0.79245,             0.82172,              0.3259,            0.046413,             0.01417,                   0,            0.000562,            0.000562,            0.000562
                 288,            0.050223,             0.01898,                   0,             0.82716,             0.81268,             0.81634,             0.32258,            0.046315,            0.014297,                   0,            0.000529,            0.000529,            0.000529
                 289,            0.051865,            0.019306,                   0,             0.78739,             0.76873,             0.77732,              0.3137,            0.046718,            0.014594,                   0,            0.000496,            0.000496,            0.000496
                 290,            0.051506,            0.020131,                   0,             0.76985,             0.75741,             0.73726,             0.30035,            0.046835,            0.014638,                   0,            0.000463,            0.000463,            0.000463
                 291,            0.051099,            0.018147,                   0,             0.79126,             0.71523,             0.73816,              0.3054,            0.046827,             0.01484,                   0,             0.00043,             0.00043,             0.00043
                 292,             0.05316,            0.019644,                   0,             0.74517,             0.71728,             0.73349,             0.30528,            0.046545,            0.014814,                   0,            0.000397,            0.000397,            0.000397
                 293,            0.049946,            0.017869,                   0,             0.75894,             0.71698,             0.73452,             0.29905,            0.046593,            0.014823,                   0,            0.000364,            0.000364,            0.000364
                 294,            0.052423,            0.021436,                   0,             0.79785,             0.73585,             0.77695,             0.30705,            0.046496,             0.01472,                   0,            0.000331,            0.000331,            0.000331
                 295,            0.051725,             0.02088,                   0,             0.78678,             0.73585,             0.77593,             0.30445,            0.046443,            0.014693,                   0,            0.000298,            0.000298,            0.000298
                 296,             0.05114,            0.019987,                   0,             0.79769,             0.75472,             0.77044,             0.30747,            0.046357,            0.014645,                   0,            0.000265,            0.000265,            0.000265
                 297,            0.052603,            0.018138,                   0,             0.77952,             0.75472,             0.76928,             0.31174,            0.046028,            0.014711,                   0,            0.000232,            0.000232,            0.000232
                 298,            0.051793,            0.017671,                   0,             0.78009,             0.75472,             0.77749,             0.32298,            0.045834,            0.014731,                   0,            0.000199,            0.000199,            0.000199
                 299,            0.050106,             0.02187,                   0,             0.78127,             0.75472,             0.79075,             0.33576,            0.045649,            0.014501,                   0,            0.000166,            0.000166,            0.000166
